"countries","gdp.per.capita","healthcare.expense","life.expectancy","infant.mortality","mortality"
"Afghanistan                                         ",556.3020024,11.77723598,64.13,49.6,6.575
"Angola                                              ",4095.812942,2.79150295,60.379,53.5,8.432
"Albania                                             ",4531.020806,5.01059723,78.333,8.4,7.714
"United Arab Emirates                                ",40644.80404,4.14456415,77.647,6.6,1.429
"Argentina                                           ",14591.86338,10.45704365,76.372,9.2,7.616
"Armenia                                             ",3914.501268,10.36270523,74.797,11.6,9.862
"Antigua and Barbuda                                 ",15383.41519,5.17094231,76.752,6.2,6.316
"Australia                                           ",54066.47127,9.20544815,82.5,3.1,6.5
"Austria                                             ",47549.07904,10.38262367,81.64390244,2.9,9.5
"Azerbaijan                                          ",4147.089716,3.73651457,72.693,20.5,5.8
"Burundi                                             ",292.9976307,7.51763725,60.898,42.6,8.106
"Belgium                                             ",44288.50804,10.40608311,81.49268293,2.9,9.6
"Benin                                               ",1136.592847,2.6444838,61.174,61.8,9.025
"Burkina Faso                                        ",738.2741589,6.91190195,60.768,56.7,8.341
"Bangladesh                                          ",1563.913857,2.27522182,72.052,28,5.533
"Bulgaria                                            ",8331.058025,7.45326805,74.81463415,6.2,15.5
"Bahrain                                             ",23709.43047,4.74813128,77.032,6.2,2.368
"Bahamas, The                                        ",31827.2427,6.83129883,73.554,11.4,6.72
"Bosnia and Herzegovina                              ",5394.59122,8.93159008,77.128,5.3,10.563
"Belarus                                             ",5761.74712,5.75974846,74.12926829,2.7,12.6
"Belize                                              ",4887.577208,5.70125389,74.365,11.8,4.681
"Bolivia                                             ",3351.12404,6.4901948,70.945,22.9,6.795
"Brazil                                              ",9925.386238,9.46933746,75.456,13.2,6.378
"Barbados                                            ",17391.42587,6.62216997,78.981,12.4,8.936
"Brunei Darussalam                                   ",28572.14678,2.27036428,75.585,9.2,4.345
"Bhutan                                              ",3286.574703,3.24491644,71.129,25.5,6.243
"Botswana                                            ",7893.210108,6.13456821,68.812,32.5,5.834
"Central African Republic                            ",450.900245,6.66541529,52.24,85.5,12.671
"Canada                                              ",45148.55271,10.78964806,81.94878049,4.4,7.5
"Switzerland                                         ",80449.99456,11.89515591,83.55121951,3.7,7.9
"Chile                                               ",14999.37009,9.06820488,79.909,6.4,6.076
"China                                               ",8879.438149,5.15119171,76.47,7.9,7.11
"Cote d'Ivoire                                       ",2111.027076,4.45303488,57.017,62.2,10.262
"Cameroon                                            ",1425.107818,3.4925251,58.511,53.4,9.501
"Congo, Dem. Rep.                                    ",467.0742375,4.15728664,60.026,69.8,9.691
"Congo, Rep.                                         ",1767.894521,2.93953753,63.954,36.6,6.828
"Colombia                                            ",6377.851363,7.67864275,76.925,12.6,5.503
"Comoros                                             ",1323.81159,4.64801407,63.912,51.2,7.298
"Cabo Verde                                          ",3292.645755,5.36013222,72.57,14.5,5.682
"Costa Rica                                          ",11814.62657,7.32879639,79.914,7.5,5.005
"Cuba                                                ",8541.210673,11.7113266,78.662,4,8.827
"Cyprus                                              ",26338.69434,6.73828936,80.672,2,6.952
"Czech Republic                                      ",20379.89604,7.23133898,78.97804878,2.5,10.5
"Germany                                             ",44349.58966,11.32229614,80.99268293,3.3,11.3
"Djibouti                                            ",2914.383856,2.46476316,65.893,51.3,7.293
"Denmark                                             ",57141.05984,10.03963375,81.10243902,3.4,9.2
"Dominican Republic                                  ",7609.338799,5.83058691,73.689,24.8,6.12
"Algeria                                             ",4044.2766,6.38032866,76.499,20.9,4.717
"Ecuador                                             ",6213.501276,8.25742912,76.584,12.5,5.101
"Egypt, Arab Rep.                                    ",2440.510173,5.63305616,71.656,18.5,5.863
"Spain                                               ",28170.43457,8.94249249,83.28292683,2.7,9.1
"Estonia                                             ",20388.20955,6.59183788,78.09268293,2.1,11.8
"Ethiopia                                            ",768.5223076,3.50331593,65.872,39.5,6.691
"Finland                                             ",46316.74546,9.14156628,81.63170732,2,9.8
"Fiji                                                ",6101.030843,3.18689561,67.252,21.3,8.18
"France                                              ",38812.16103,11.39050198,82.57560976,3.6,9.1
"Micronesia, Fed. Sts.                               ",3289.701146,12.31883812,67.618,26.2,6.534
"Gabon                                               ",7230.396393,2.78074527,65.839,33.4,6.998
"United Kingdom                                      ",40361.41738,9.82511234,81.25609756,3.8,9.2
"Georgia                                             ",4357.000936,7.05804443,73.414,8.9,12.918
"Ghana                                               ",2025.932424,3.32977843,63.463,36.1,7.414
"Guinea                                              ",856.5652698,4.27482462,60.706,66.3,8.715
"Gambia, The                                         ",676.6559246,3.34084225,61.44,37.8,8.044
"Guinea-Bissau                                       ",736.7255662,6.84708118,57.673,55.6,9.805
"Equatorial Guinea                                   ",9667.912252,3.01081419,58.061,64.1,9.542
"Greece                                              ",18930.21859,7.96522522,81.28780488,3.7,11.6
"Grenada                                             ",10152.83281,4.59776449,72.388,14.7,9.563
"Guatemala                                           ",4451.45099,5.81384373,73.81,22.1,4.762
"Guyana                                              ",4586.054572,5.65979004,69.624,25.9,7.365
"Honduras                                            ",2453.727896,7.00069904,74.898,15.4,4.428
"Croatia                                             ",13412.33829,6.77827311,77.82682927,4.1,13
"Haiti                                               ",765.7272943,8.08468342,63.29,50.7,8.638
"Hungary                                             ",14457.60876,6.79227543,75.81707317,3.6,13.5
"Indonesia                                           ",3837.651731,2.86824059,71.282,21.7,6.433
"India                                               ",1981.65105,3.53500652,69.165,31.4,7.21
"Ireland                                             ",69822.34718,7.15484905,82.15609756,3,6.3
"Iran, Islamic Rep.                                  ",5520.310789,8.65966415,76.271,12.9,4.835
"Iraq                                                ",5205.288255,4.12501717,70.294,23.2,4.826
"Iceland                                             ",71310.93925,8.3432579,82.66097561,1.7,6.5
"Israel                                              ",40541.86209,7.49766827,82.55121951,3.1,5.1
"Italy                                               ",32406.72032,8.6777401,82.94634146,2.8,10.7
"Jamaica                                             ",5069.183838,6.14377928,74.267,12.7,7.558
"Jordan                                              ",4162.820687,8.11925125,74.292,14.2,3.843
"Japan                                               ",38386.51115,10.79634285,84.0997561,1.9,10.8
"Kazakhstan                                          ",9247.581331,3.12588406,72.95,9.3,7.15
"Kenya                                               ",1572.335496,4.8369956,65.909,33.9,5.582
"Kyrgyz Republic                                     ",1242.769643,6.18586302,71.2,18,5.4
"Cambodia                                            ",1385.25998,5.928473,69.289,24.8,6.017
"Kiribati                                            ",1640.500104,10.77510738,67.851,42.3,6.396
"Korea, Rep.                                         ",31616.8434,7.10694933,82.62682927,2.8,5.6
"Kuwait                                              ",29759.43649,5.29526615,75.311,7.1,2.601
"Lao PDR                                             ",2423.846203,2.52514863,67.277,38.9,6.508
"Lebanon                                             ",7801.178658,8.44765568,78.833,6.6,4.263
"Liberia                                             ",698.7017644,8.15604591,63.295,64.3,7.729
"St. Lucia                                           ",11047.44499,4.7146244,75.907,19.3,7.16
"Sri Lanka                                           ",4077.043721,3.80975389,76.648,6.7,6.554
"Lesotho                                             ",1150.079173,8.94750309,52.947,71.7,14.656
"Lithuania                                           ",16882.63947,6.47619867,75.4804878,3.6,14.2
"Luxembourg                                          ",107627.151,5.25779152,82.09512195,2.3,7.1
"Latvia                                              ",15586.58189,6.00696659,74.62926829,3.6,14.8
"Morocco                                             ",3036.325255,5.23623848,76.218,19.9,5.072
"Moldova                                             ",3509.69345,7.01328516,71.717,12.9,11.528
"Madagascar                                          ",515.2927249,5.5050993,66.311,38.5,6.185
"Maldives                                            ",9540.634349,9.02997589,78.325,7.6,2.883
"Mexico                                              ",9278.418168,5.51889515,74.947,13,5.933
"North Macedonia                                     ",5430.87421,6.5939827,75.589,8.7,9.965
"Mali                                                ",830.5574088,4.10388279,58.452,63.5,9.984
"Malta                                               ",27239.0701,9.19666958,82.34634146,6.2,7.6
"Myanmar                                             ",1291.542413,5.09039927,66.558,38.2,8.206
"Mongolia                                            ",3669.41754,4.00506115,69.509,15.1,6.299
"Mozambique                                          ",461.4150941,8.14048672,59.309,57.9,8.964
"Mauritania                                          ",1578.114174,4.50495195,64.464,52.6,7.339
"Mauritius                                           ",10484.90836,5.71669579,74.51463415,13.2,8
"Malawi                                              ",356.7175732,9.64243031,63.279,33.5,6.811
"Malaysia                                            ",10254.23402,3.71246052,75.828,7.1,5.014
"Namibia                                             ",5303.309133,8.28922272,63.021,31.8,8.23
"Niger                                               ",516.8882472,7.66223145,61.599,49.1,8.529
"Nigeria                                             ",1968.559588,3.75553846,53.95,77.3,12.114
"Nicaragua                                           ",2159.163079,8.31693268,74.068,15.4,5.049
"Netherlands                                         ",48675.22234,10.05979824,81.76097561,3.4,8.8
"Norway                                              ",75496.75406,10.31589031,82.6097561,2.1,7.7
"Nepal                                               ",911.4442665,5.48825455,70.169,27.4,6.404
"New Zealand                                         ",42849.42632,9.01967621,81.65853659,4.2,6.95
"Oman                                                ",15130.94374,3.97352886,77.393,9.7,2.462
"Pakistan                                            ",1464.993305,2.90229368,66.947,58.8,6.994
"Panama                                              ",15150.34561,6.89914465,78.149,13.7,5.048
"Peru                                                ",6710.508029,4.99378443,76.286,11.1,5.438
"Philippines                                         ",3123.234229,4.4460597,70.952,22.7,5.839
"Papua New Guinea                                    ",2695.251883,2.27085471,64.01,37.8,7.521
"Poland                                              ",13861.30936,6.56172848,77.75365854,3.9,10.6
"Portugal                                            ",21490.42986,9.33004951,81.42439024,3,10.7
"Paraguay                                            ",5680.580768,6.65456867,73.992,17.8,5.465
"Qatar                                               ",61264.39648,2.72160077,79.981,6.1,1.169
"Romania                                             ",10807.79539,5.1508317,75.3097561,6.7,13.3
"Russian Federation                                  ",10720.33259,5.34388065,72.43195122,5.9,12.4
"Rwanda                                              ",772.3184718,6.93017101,68.341,28.4,5.308
"Saudi Arabia                                        ",20803.74257,7.00368643,74.874,6.3,3.446
"Sudan                                               ",1111.868449,6.30497503,64.881,43.1,7.261
"Senegal                                             ",1361.699588,4.06742668,67.38,34.4,5.845
"Singapore                                           ",60913.74533,4.4177866,83.09512195,2.1,5
"Solomon Islands                                     ",2059.045424,4.74138927,72.645,17.9,4.284
"Sierra Leone                                        ",499.3807078,16.6201725,53.895,85.9,12.003
"El Salvador                                         ",3910.257193,7.22756004,72.872,12.2,7.011
"Serbia                                              ",6284.192804,8.23131752,75.53902439,5,14.8
"Sao Tome and Principe                               ",1811.012826,6.46091604,69.933,25,4.908
"Suriname                                            ",5626.795816,6.22976971,71.463,17,7.277
"Slovak Republic                                     ",17554.30832,6.76883841,77.16585366,4.9,9.9
"Slovenia                                            ",23500.75223,8.18941784,81.02926829,1.8,9.9
"Sweden                                              ",53791.50873,10.78592205,82.4097561,2.2,9.1
"Eswatini                                            ",3953.088968,6.91085625,58.319,44.8,9.843
"Seychelles                                          ",15906.08392,4.98940706,74.3,12.7,7.8
"Chad                                                ",665.9483527,4.40445328,53.712,72.6,12.309
"Togo                                                ",626.0915279,6.02144766,60.489,48.2,8.568
"Thailand                                            ",6592.914902,3.83202839,76.683,8.4,7.559
"Tajikistan                                          ",806.0415731,7.2288146,70.647,31.3,4.961
"Turkmenistan                                        ",6587.090316,6.93379545,67.956,36.7,7.057
"Timor-Leste                                         ",1294.715534,4.33655405,69.007,40.5,6.05
"Tonga                                               ",4217.476507,5.05521584,70.701,14.5,7.194
"Trinidad and Tobago                                 ",16238.19319,7.02028561,73.245,16.6,8.261
"Tunisia                                             ",3481.228739,7.25768566,76.31,14.7,6.274
"Turkey                                              ",10513.64843,4.17974997,77.161,9.8,5.394
"Tanzania                                            ",1004.841121,3.63913774,64.479,38.3,6.622
"Uganda                                              ",747.1969074,6.48715639,62.516,36,6.769
"Ukraine                                             ",2640.675677,7.43332434,71.78097561,7.6,14.5
"Uruguay                                             ",17322.14739,9.51635647,77.632,6.8,9.461
"United States                                       ",59957.72585,17.00361443,78.53902439,5.7,8.638
"Uzbekistan                                          ",1826.566919,5.07679749,71.388,17.6,5
"St. Vincent and the Grenadines                      ",7212.960181,4.3064785,72.3,14.3,9.162
"Vietnam                                             ",2365.621666,5.92534494,75.241,16.6,6.253
"Vanuatu                                             ",3082.356323,2.76094961,70.172,22.9,5.334
"Samoa                                               ",4258.48627,5.50720882,73.046,13.7,5.296
"South Africa                                        ",6132.479841,8.11311913,63.538,28.2,9.498
"Zambia                                              ",1534.865371,4.39748955,63.043,44.1,6.633
"Zimbabwe                                            ",1548.170056,5.84977484,60.812,40.5,8.044
